{"cameraMode":{"drawMode":0,"name":"Shaded","section":"Shading Mode"},"sceneLighting":true,"audioPlay":false,"sceneViewState":{"showFog":false,"showMaterialUpdate":false,"showSkybox":false,"showFlares":false,"showImageEffects":false,"showParticleSystems":false},"in2DMode":false,"pivot":{"x":0.2012929916381836,"y":1.8342710733413697,"z":0.5215578675270081},"rotation":{"x":0.0381183847784996,"y":0.5304785370826721,"z":-0.023888174444437028,"w":0.8465092182159424},"size":3.1898887157440187,"orthographic":false}